code,name_ru,subject1,subject2,pair,field
B001,Педагогика и психология,Биология,География,BG,PSY
B002,Дошкольное обучение и воспитание,Биология,География,BG,PSY
B003,Педагогика и методика начального обучения,Биология,География,BG,PSY
B004,Подготовка учителей начальной военной подготовки,Творческий экзамен,Творческий экзамен,CR,TEACH
B005,Подготовка учителей физической культуры,Творческий экзамен,Творческий экзамен,CR,TEACH
B006,Подготовка учителей музыки,Творческий экзамен,Творческий экзамен,CR,TEACH
B007,Подготовка учителей художественного труда и черчения,Творческий экзамен,Творческий экзамен,CR,TEACH
B008,Подготовка учителей основы права и экономики,Всемирная история,География,HG,TEACH
B009,Подготовка учителей математики,Математика,Физика,MP,TEACH
B010,Подготовка учителей физики,Физика,Математика,MP,TEACH
B011,Подготовка учителей информатики,Математика,Информатика,MI,TEACH
B012,Подготовка учителей химии,Химия,Биология,BC,TEACH
B013,Подготовка учителей биологии,Биология,Химия,BC,TEACH
B014,Подготовка учителей географии,География,Всемирная история,HG,TEACH
B015,Подготовка учителей по гуманитарным предметам,Всемирная история,География,HG,TEACH
B016,Подготовка учителей казахского языка и литературы,Казахский язык,Казахская литература,LL,TEACH
B017,Подготовка учителей русского языка и литературы,Русский язык,Русская литература,LL,TEACH
B018,Подготовка учителей иностранного языка,Иностранный язык,Всемирная история,FH,TEACH
B019,Подготовка социальных педагогов,Биология,География,BG,PSY
B020,Специальная педагогика,Биология,География,BG,PSY
B120,Подготовка педагогов профессионального обучения (по профилю),Физика,Математика,MP,TEACH
B021,Исполнительское искусство,Творческий экзамен,Творческий экзамен,CR,ART
B022,Музыковедение,Творческий экзамен,Творческий экзамен,CR,ART
B023,"Режиссура, арт-менеджмент",Творческий экзамен,Творческий экзамен,CR,ART
B024,Искусствоведение,Творческий экзамен,Творческий экзамен,CR,ART
B025,Дирижирование,Творческий экзамен,Творческий экзамен,CR,ART
B026,Композиция,Творческий экзамен,Творческий экзамен,CR,ART
B027,Театральное искусство,Творческий экзамен,Творческий экзамен,CR,ART
B028,Хореография,Творческий экзамен,Творческий экзамен,CR,ART
B029,Аудиовизуальные средства и медиа производство,Творческий экзамен,Творческий экзамен,CR,ART
B030,Изобразительное искусство,Творческий экзамен,Творческий экзамен,CR,ART
B031,"Мода, дизайн",Творческий экзамен,Творческий экзамен,CR,ART
B099,Инструментальное исполнительство,Творческий экзамен,Творческий экзамен,CR,ART
B100,Вокальное искусство,Творческий экзамен,Творческий экзамен,CR,ART
B101,Традиционное музыкальное искусство,Творческий экзамен,Творческий экзамен,CR,ART
B102,Искусство эстрады,Творческий экзамен,Творческий экзамен,CR,ART
B103,Режиссура кино и ТВ,Творческий экзамен,Творческий экзамен,CR,ART
B104,Режиссура сценических искусств и цирка,Творческий экзамен,Творческий экзамен,CR,ART
B105,Режиссура анимации,Творческий экзамен,Творческий экзамен,CR,ART
B106,Операторское и фото искусство,Творческий экзамен,Творческий экзамен,CR,ART
B107,Медиаискусство и цифровые технологии,Творческий экзамен,Творческий экзамен,CR,ART
B108,Сценография,Творческий экзамен,Творческий экзамен,CR,ART
B109,Декоративное искусство,Творческий экзамен,Творческий экзамен,CR,ART
B110,Фэшн дизайн,Творческий экзамен,Творческий экзамен,CR,ART
B032,Философия и этика,Всемирная история,География,HG,HIS
B033,Религия и теология,Творческий экзамен,Творческий экзамен,CR,ART
B034,История,Всемирная история,География,HG,HIS
B134,Археология и этнология,Всемирная история,География,HG,HIS
B035,Тюркология,Всемирная история,Иностранный язык,FH,INT
B135,Востоковедение,Всемирная история,Иностранный язык,FH,INT
B036,Переводческое дело,Иностранный язык,Всемирная история,FH,INT
B037,Филология,Казахский/Русский язык,Казахская/Русская литература,LL,PHI
B038,Социология,Математика,География,MG,ECO
B039,Культурология,Всемирная история,Иностранный язык,FH,INT
B040,Политология,Всемирная история,Иностранный язык,FH,INT
B140,Международные отношения и дипломатия,Всемирная история,Иностранный язык,FH,INT
B041,Психология,Биология,География,BG,PSY
B042,Журналистика и репортерское дело,Творческий экзамен,Творческий экзамен,CR,ART
B043,"Библиотечное дело, обработка информации и архивное дело",Казахский/Русский язык,Казахская/Русская литература,LL,PHI
B044,Менеджмент и управление,Математика,География,MG,ECO
B045,Аудит и налогообложение,Математика,География,MG,ECO
B145,Государственный аудит,Математика,География,MG,ECO
B046,"Финансы, экономика, банковское и страховое дело",Математика,География,MG,ECO
B047,Маркетинг и реклама,Математика,География,MG,ECO
B048,Трудовые навыки,Математика,География,MG,ECO
B049,Право,Всемирная история,Основы права,HL,LAW
B050,Биологические и смежные науки,Биология,Химия,BC,BCH
B051,Окружающая среда,Биология,География,BG,GEO
B052,Наука о земле,Математика,География,MG,GEO
B053,Химия,Химия,Биология,BC,BCH
B054,Физика,Физика,Математика,MP,PM
B055,Математика и статистика,Математика,Физика,MP,PM
B056,Механика,Математика,Физика,MP,PM
B057,Информационные технологии,Математика,Информатика,MI,IT
B058,Информационная безопасность,Математика,Информатика,MI,IT
B158,Криптология,Математика,Информатика,MI,IT
B059,Коммуникации и коммуникационные технологии,Математика,Физика,MP,ENG
B060,Химическая инженерия и процессы,Химия,Физика/Биология,CP,BCH
B061,Материаловедение и технологии,Математика,Физика,MP,ENG
B062,Электротехника и энергетика,Математика,Физика,MP,ENG
B063,Электротехника и автоматизация,Математика,Физика,MP,ENG
B064,Механика и металлообработка,Математика,Физика,MP,ENG
B065,Транспортная техника и технологии,Математика,Физика,MP,ENG
B066,Морской транспорт и технологии,Математика,Физика,MP,ENG
B067,Воздушный транспорт и технологии,Математика,Физика,MP,ENG
B167,Летная эксплуатация летательных аппаратов и двигателей,Математика,Физика,MP,ENG
B165,Магистральные сети и инфраструктура,Математика,Физика,MP,ENG
B166,Транспортные сооружения,Математика,Физика,MP,ENG
B068,Производство продуктов питания,Биология,Химия,BC,BCH
B069,"Производство материалов (стекло, бумага, пластик, дерево)",Математика,Физика,MP,ENG
B070,"Текстиль: одежда, обувь и кожаные изделия",Математика,Физика,MP,ENG
B071,Горное дело и добыча полезных ископаемых,Математика,Физика,MP,ENG
B072,Технология фармацевтического производства,Химия,Биология,BC,BCH
B073,Архитектура,Творческий экзамен,Творческий экзамен,CR,ART
B173,Гидромелиорация,Математика,Физика,MP,ENG
B175,Водоснабжение и водоотведение,Математика,Физика,MP,ENG
B074,"Градостроительство, строительные работы и гражданское строительство",Математика,Физика,MP,ENG
B126,Транспортное строительство,Математика,Физика,MP,ENG
B176,Гидротехническое строительство и управление водными ресурсами,Математика,Физика,MP,ENG
B075,Кадастр и землеустройство,Математика,География,MG,GEO
B076,"Стандартизация, сертификация и метрология (по отраслям)",Математика,Физика,MP,ENG
B077,Растениеводство,Биология,Химия,BC,BCH
B078,Животноводство,Биология,Химия,BC,BCH
B079,Лесное хозяйство,Биология,География,BG,GEO
B080,Рыбное хозяйство,Биология,Химия,BC,BCH
B081,Землеустройство,Математика,Физика,MP,ENG
B082,Водные ресурсы и водопользования,Математика,Физика,MP,ENG
B183,Агроинженерия,Математика,Физика,MP,ENG
B083,Ветеринария,Биология,Химия,BC,BCH
B091,Туризм,География,Иностранный язык,GF,TUR
B092,Досуг,Творческий экзамен,Творческий экзамен,CR,ART
B093,Ресторанное дело и гостиничный бизнес,География,Иностранный язык,GF,TUR
B094,Санитарно-профилактические мероприятия,Математика,Физика,MP,ENG
B095,Транспортные услуги,Математика,География,MG,ECO
B090,Социальная работа,Биология,География,BG,PSY
B098,Спорт,Творческий экзамен,Творческий экзамен,CR,ART
B084,Сестринское дело,Биология,Химия,BC,MED
B085,Фармация,Биология,Химия,BC,MED
BM086,Медицина,Биология,Химия,BC,MED
BM087,Стоматология,Биология,Химия,BC,MED
BM088,Педиатрия,Биология,Химия,BC,MED
B089,Общественное здоровье,Биология,Химия,BC,MED
BM089,Медико-профилактическое дело,Биология,Химия,BC,MED
B096,Правоохранительная деятельность,Всемирная история,Основы права,HL,LAW
B097,Пожарная безопасность,Математика,Физика,MP,ENG
